<?xml version="1.0"?>
<migrations>
  <priorNameHint>
    <oldName>DynamoSimulation.RSA.RSACore.Calculate</oldName>
    <newName>DynamoSimulation.RSA.Analysis.Calculate</newName>
  </priorNameHint>
   <priorNameHint>
    <oldName>DynamoSimulation.RSA.RSACore.CalculateAndSort</oldName>
    <newName>DynamoSimulation.RSA.Analysis.CalculateSort</newName>
  </priorNameHint>
  <priorNameHint>
    <oldName>DynamoSimulation.RSA.Analysis.CalculateSort</oldName>
    <newName>DynamoSimulation.RSA.Analysis.Calculate</newName>
  </priorNameHint>
  <priorNameHint>
    <oldName>DynamoSimulation.RSA.Analysis.CalculateAndSortForOptimo</oldName>
    <newName>DynamoSimulation.RSA.Analysis.CalculateWithSave</newName>
  </priorNameHint>
  <priorNameHint>
    <oldName>DynamoSimulation.RSA.AnalyticalModel.Loads.PointLoad</oldName>
    <newName>DynamoSimulation.RSA.AnalyticalModel.Loads.NodalLoad</newName>
  </priorNameHint>
  <priorNameHint>
    <oldName>DynamoSimulation.RSA.AnalyticalModel.Loads.PointLoad.FX</oldName>
    <newName>DynamoSimulation.RSA.AnalyticalModel.Loads.NodalLoad.FX</newName>
  </priorNameHint>
  <priorNameHint>
    <oldName>DynamoSimulation.RSA.AnalyticalModel.Loads.PointLoad.FY</oldName>
    <newName>DynamoSimulation.RSA.AnalyticalModel.Loads.NodalLoad.FY</newName>
  </priorNameHint>
  <priorNameHint>
    <oldName>DynamoSimulation.RSA.AnalyticalModel.Loads.PointLoad.FZ</oldName>
    <newName>DynamoSimulation.RSA.AnalyticalModel.Loads.NodalLoad.FZ</newName>
  </priorNameHint>
  <priorNameHint>
    <oldName>DynamoSimulation.RSA.AnalyticalModel.Loads.PointLoad.MX</oldName>
    <newName>DynamoSimulation.RSA.AnalyticalModel.Loads.NodalLoad.MX</newName>
  </priorNameHint>
  <priorNameHint>
    <oldName>DynamoSimulation.RSA.AnalyticalModel.Loads.PointLoad.MY</oldName>
    <newName>DynamoSimulation.RSA.AnalyticalModel.Loads.NodalLoad.MY</newName>
  </priorNameHint>
  <priorNameHint>
    <oldName>DynamoSimulation.RSA.AnalyticalModel.Loads.PointLoad.MZ</oldName>
    <newName>DynamoSimulation.RSA.AnalyticalModel.Loads.NodalLoad.MZ</newName>
  </priorNameHint>
  <priorNameHint>
    <oldName>DynamoSimulation.RSA.AnalyticalModel.Loads.PointLoad.Id</oldName>
    <newName>DynamoSimulation.RSA.AnalyticalModel.Loads.NodalLoad.Id</newName>
  </priorNameHint>
  <priorNameHint>
    <oldName>DynamoSimulation.RSA.AnalyticalModel.Loads.PointLoad.AnalyticalNodes</oldName>
    <newName>DynamoSimulation.RSA.AnalyticalModel.Loads.NodalLoad.AnalyticalNodes</newName>
  </priorNameHint>
  <priorNameHint>
    <oldName>DynamoSimulation.RSA.AnalyticalModel.Loads.PointLoad.LoadCase</oldName>
    <newName>DynamoSimulation.RSA.AnalyticalModel.Loads.NodalLoad.LoadCase</newName>
  </priorNameHint>
  <priorNameHint>
    <oldName>DynamoSimulation.RSA.AnalyticalModel.Loads.PointLoad.ByNodes</oldName>
    <newName>DynamoSimulation.RSA.AnalyticalModel.Loads.NodalLoad.ByNodes</newName>
  </priorNameHint>
  
  <priorNameHint>
    <oldName>DynamoSimulation.RSA.AnalyticalModel.Loads.UniformLoad.FX</oldName>
    <newName>DynamoSimulation.RSA.AnalyticalModel.Loads.UniformMemberLoad.FY</newName>
  </priorNameHint>
  <priorNameHint>
    <oldName>DynamoSimulation.RSA.AnalyticalModel.Loads.UniformLoad.FY</oldName>
    <newName>DynamoSimulation.RSA.AnalyticalModel.Loads.UniformMemberLoad.FY</newName>
  </priorNameHint>
  <priorNameHint>
    <oldName>DynamoSimulation.RSA.AnalyticalModel.Loads.UniformLoad.FZ</oldName>
    <newName>DynamoSimulation.RSA.AnalyticalModel.Loads.UniformMemberLoad.FZ</newName>
  </priorNameHint>
  <priorNameHint>
    <oldName>DynamoSimulation.RSA.AnalyticalModel.Loads.UniformLoad.ByBars</oldName>
    <newName>DynamoSimulation.RSA.AnalyticalModel.Loads.UniformMemberLoad.ByBars</newName>
  </priorNameHint>
  <priorNameHint>
    <oldName>DynamoSimulation.RSA.AnalyticalModel.Loads.UniformLoad.AnalyticalBars</oldName>
    <newName>DynamoSimulation.RSA.AnalyticalModel.Loads.UniformMemberLoad.AnalyticalBars</newName>
  </priorNameHint>
  <priorNameHint>
    <oldName>DynamoSimulation.RSA.AnalyticalModel.Loads.UniformLoad.Id</oldName>
    <newName>DynamoSimulation.RSA.AnalyticalModel.Loads.UniformMemberLoad.Id</newName>
  </priorNameHint>
  <priorNameHint>
    <oldName>DynamoSimulation.RSA.AnalyticalModel.Loads.UniformLoad.LoadCase</oldName>
    <newName>DynamoSimulation.RSA.AnalyticalModel.Loads.UniformMemberLoad.LoadCase</newName>
  </priorNameHint>
  <priorNameHint>
    <oldName>DynamoSimulation.RSA.AnalyticalModel.Loads.PlanarLoad.FX</oldName>
    <newName>DynamoSimulation.RSA.AnalyticalModel.Loads.UniformSurfaceLoad.FY</newName>
  </priorNameHint>
  <priorNameHint>
    <oldName>DynamoSimulation.RSA.AnalyticalModel.Loads.PlanarLoad.FY</oldName>
    <newName>DynamoSimulation.RSA.AnalyticalModel.Loads.UniformSurfaceLoad.FY</newName>
  </priorNameHint>
  <priorNameHint>
    <oldName>DynamoSimulation.RSA.AnalyticalModel.Loads.PlanarLoad.FZ</oldName>
    <newName>DynamoSimulation.RSA.AnalyticalModel.Loads.UniformSurfaceLoad.FZ</newName>
  </priorNameHint>
  <priorNameHint>
    <oldName>DynamoSimulation.RSA.AnalyticalModel.Loads.PlanarLoad.Id</oldName>
    <newName>DynamoSimulation.RSA.AnalyticalModel.Loads.UniformSurfaceLoad.Id</newName>
  </priorNameHint>
  <priorNameHint>
    <oldName>DynamoSimulation.RSA.AnalyticalModel.Loads.PlanarLoad.LoadCase</oldName>
    <newName>DynamoSimulation.RSA.AnalyticalModel.Loads.UniformSurfaceLoad.LoadCase</newName>
  </priorNameHint>
  <priorNameHint>
    <oldName>DynamoSimulation.RSA.AnalyticalModel.Loads.PlanarLoad.ByPanels</oldName>
    <newName>DynamoSimulation.RSA.AnalyticalModel.Loads.UniformSurfaceLoad.ByPanels</newName>
  </priorNameHint>
  <priorNameHint>
    <oldName>DynamoSimulation.RSA.AnalyticalModel.Loads.PlanarLoad.AnalyticalPanels</oldName>
    <newName>DynamoSimulation.RSA.AnalyticalModel.Loads.UniformSurfaceLoad.AnalyticalPanels</newName>
  </priorNameHint>
  <priorNameHint>
    <oldName>DynamoSimulation.RSA.RSAResults.NodeReactions.GetMaxValue</oldName>
    <newName>DynamoSimulation.RSA.RSAResults.Node.NodeReactions.GetMaxValue</newName>
  </priorNameHint>
  <priorNameHint>
    <oldName>DynamoSimulation.RSA.RSAResults.NodeReactions.GetMinValue</oldName>
    <newName>DynamoSimulation.RSA.RSAResults.Node.NodeReactions.GetMinValue</newName>
  </priorNameHint>
  <priorNameHint>
    <oldName>DynamoSimulation.RSA.RSAResults.NodeReactions.GetValue</oldName>
    <newName>DynamoSimulation.RSA.RSAResults.Node.NodeReactions.GetValue</newName>
  </priorNameHint>
  <priorNameHint>
    <oldName>DynamoSimulation.RSA.RSAResults.NodeReactions.GetValues</oldName>
    <newName>DynamoSimulation.RSA.RSAResults.Node.NodeReactions.GetValues</newName>
  </priorNameHint>
  <priorNameHint>
    <oldName>DynamoSimulation.RSA.RSAResults.NodeReactions.GetListValue</oldName>
    <newName>DynamoSimulation.RSA.RSAResults.Node.NodeReactions.GetListValue</newName>
  </priorNameHint>
  <priorNameHint>
    <oldName>DynamoSimulation.RSA.RSAResults.NodeReactions.GetListValues</oldName>
    <newName>DynamoSimulation.RSA.RSAResults.Node.NodeReactions.GetListValues</newName>
  </priorNameHint>
  
  <priorNameHint>
    <oldName>DynamoSimulation.RSA.RSAResults.BarStresses.GetMaxValue</oldName>
    <newName>DynamoSimulation.RSA.RSAResults.Bar.BarStresses.GetMaxValue</newName>
  </priorNameHint>
  <priorNameHint>
    <oldName>DynamoSimulation.RSA.RSAResults.BarStresses.GetMinValue</oldName>
    <newName>DynamoSimulation.RSA.RSAResults.Bar.BarStresses.GetMinValue</newName>
  </priorNameHint>
  <priorNameHint>
    <oldName>DynamoSimulation.RSA.RSAResults.BarStresses.GetMaxValuesList</oldName>
    <newName>DynamoSimulation.RSA.RSAResults.Bar.BarStresses.GetMaxValuesList</newName>
  </priorNameHint>
  <priorNameHint>
    <oldName>DynamoSimulation.RSA.RSAResults.BarStresses.GetMaxValues</oldName>
    <newName>DynamoSimulation.RSA.RSAResults.Bar.BarStresses.GetMaxValues</newName>
  </priorNameHint>
  <priorNameHint>
    <oldName>DynamoSimulation.RSA.RSAResults.BarStresses.GetMinValuesList</oldName>
    <newName>DynamoSimulation.RSA.RSAResults.Bar.BarStresses.GetMinValuesList</newName>
  </priorNameHint>
  <priorNameHint>
    <oldName>DynamoSimulation.RSA.RSAResults.BarStresses.GetMinValues</oldName>
    <newName>DynamoSimulation.RSA.RSAResults.Bar.BarStresses.GetMinValues</newName>
  </priorNameHint>
  <priorNameHint>
    <oldName>DynamoSimulation.RSA.RSAResults.BarStresses.GetExtremeValuesAndPositionsByLists</oldName>
    <newName>DynamoSimulation.RSA.RSAResults.Bar.BarStresses.GetExtremeValuesAndPositionsByLists</newName>
  </priorNameHint>
  <priorNameHint>
    <oldName>DynamoSimulation.RSA.RSAResults.BarStresses.GetExtremeValuesAndPositions</oldName>
    <newName>DynamoSimulation.RSA.RSAResults.Bar.BarStresses.GetExtremeValuesAndPositions</newName>
  </priorNameHint>
  <priorNameHint>
    <oldName>DynamoSimulation.RSA.RSAResults.BarStresses.GetValueAt</oldName>
    <newName>DynamoSimulation.RSA.RSAResults.Bar.BarStresses.GetValueAt</newName>
  </priorNameHint>
  <priorNameHint>
    <oldName>DynamoSimulation.RSA.RSAResults.BarStresses.GetValuesAt</oldName>
    <newName>DynamoSimulation.RSA.RSAResults.Bar.BarStresses.GetValuesAt</newName>
  </priorNameHint>

  <priorNameHint>
    <oldName>DynamoSimulation.RSA.RSAResults.BarForces.GetMaxValue</oldName>
    <newName>DynamoSimulation.RSA.RSAResults.Bar.BarForces.GetMaxValue</newName>
  </priorNameHint>
  <priorNameHint>
    <oldName>DynamoSimulation.RSA.RSAResults.BarForces.GetMinValue</oldName>
    <newName>DynamoSimulation.RSA.RSAResults.Bar.BarForces.GetMinValue</newName>
  </priorNameHint>
  <priorNameHint>
    <oldName>DynamoSimulation.RSA.RSAResults.BarForces.GetMaxValuesList</oldName>
    <newName>DynamoSimulation.RSA.RSAResults.Bar.BarForces.GetMaxValuesList</newName>
  </priorNameHint>
  <priorNameHint>
    <oldName>DynamoSimulation.RSA.RSAResults.BarForces.GetMaxValues</oldName>
    <newName>DynamoSimulation.RSA.RSAResults.Bar.BarForces.GetMaxValues</newName>
  </priorNameHint>
  <priorNameHint>
    <oldName>DynamoSimulation.RSA.RSAResults.BarForces.GetMinValuesList</oldName>
    <newName>DynamoSimulation.RSA.RSAResults.Bar.BarForces.GetMinValuesList</newName>
  </priorNameHint>
  <priorNameHint>
    <oldName>DynamoSimulation.RSA.RSAResults.BarForces.GetMinValues</oldName>
    <newName>DynamoSimulation.RSA.RSAResults.Bar.BarForces.GetMinValues</newName>
  </priorNameHint>
  <priorNameHint>
    <oldName>DynamoSimulation.RSA.RSAResults.BarForces.GetExtremeValuesAndPositionsByLists</oldName>
    <newName>DynamoSimulation.RSA.RSAResults.Bar.BarForces.GetExtremeValuesAndPositionsByLists</newName>
  </priorNameHint>
  <priorNameHint>
    <oldName>DynamoSimulation.RSA.RSAResults.BarForces.GetExtremeValuesAndPositions</oldName>
    <newName>DynamoSimulation.RSA.RSAResults.Bar.BarForces.GetExtremeValuesAndPositions</newName>
  </priorNameHint>
  <priorNameHint>
    <oldName>DynamoSimulation.RSA.RSAResults.BarForces.GetValueAt</oldName>
    <newName>DynamoSimulation.RSA.RSAResults.Bar.BarForces.GetValueAt</newName>
  </priorNameHint>
  <priorNameHint>
    <oldName>DynamoSimulation.RSA.RSAResults.BarForces.GetValuesAt</oldName>
    <newName>DynamoSimulation.RSA.RSAResults.Bar.BarForces.GetValuesAt</newName>
  </priorNameHint>

  <priorNameHint>
    <oldName>DynamoSimulation.RSA.RSAResults.BarDisplacements.GetMaxValue</oldName>
    <newName>DynamoSimulation.RSA.RSAResults.Bar.BarDisplacements.GetMaxValue</newName>
  </priorNameHint>
  <priorNameHint>
    <oldName>DynamoSimulation.RSA.RSAResults.BarDisplacements.GetMinValue</oldName>
    <newName>DynamoSimulation.RSA.RSAResults.Bar.BarDisplacements.GetMinValue</newName>
  </priorNameHint>
  <priorNameHint>
    <oldName>DynamoSimulation.RSA.RSAResults.BarDisplacements.GetMaxValuesList</oldName>
    <newName>DynamoSimulation.RSA.RSAResults.Bar.BarDisplacements.GetMaxValuesList</newName>
  </priorNameHint>
  <priorNameHint>
    <oldName>DynamoSimulation.RSA.RSAResults.BarDisplacements.GetMaxValues</oldName>
    <newName>DynamoSimulation.RSA.RSAResults.Bar.BarDisplacements.GetMaxValues</newName>
  </priorNameHint>
  <priorNameHint>
    <oldName>DynamoSimulation.RSA.RSAResults.BarDisplacements.GetMinValuesList</oldName>
    <newName>DynamoSimulation.RSA.RSAResults.Bar.BarDisplacements.GetMinValuesList</newName>
  </priorNameHint>
  <priorNameHint>
    <oldName>DynamoSimulation.RSA.RSAResults.BarDisplacements.GetMinValues</oldName>
    <newName>DynamoSimulation.RSA.RSAResults.Bar.BarDisplacements.GetMinValues</newName>
  </priorNameHint>
  <priorNameHint>
    <oldName>DynamoSimulation.RSA.RSAResults.BarDisplacements.GetExtremeValuesAndPositionsByLists</oldName>
    <newName>DynamoSimulation.RSA.RSAResults.Bar.BarDisplacements.GetExtremeValuesAndPositionsByLists</newName>
  </priorNameHint>
  <priorNameHint>
    <oldName>DynamoSimulation.RSA.RSAResults.BarDisplacements.GetExtremeValuesAndPositions</oldName>
    <newName>DynamoSimulation.RSA.RSAResults.Bar.BarDisplacements.GetExtremeValuesAndPositions</newName>
  </priorNameHint>
  <priorNameHint>
    <oldName>DynamoSimulation.RSA.RSAResults.BarDisplacements.GetValueAt</oldName>
    <newName>DynamoSimulation.RSA.RSAResults.Bar.BarDisplacements.GetValueAt</newName>
  </priorNameHint>
  <priorNameHint>
    <oldName>DynamoSimulation.RSA.RSAResults.BarDisplacements.GetValuesAt</oldName>
    <newName>DynamoSimulation.RSA.RSAResults.Bar.BarDisplacements.GetValuesAt</newName>
  </priorNameHint>
</migrations>
