{"license":"https://beta.autodesk.com/callout/?callid=70F56BD3926A4A459FC552121CE042E3","file_hash":null,"name":"Structural Analysis for Dynamo","version":"0.2.2","description":"Structural Analysis for Dynamo allows for parametric modeling and structural analysis workflows in Dynamo 0.9\r\nStructural Analysis for Dynamo allows the user to configure the structural model in Dynamo, submit to Autodesk React Structures or Autodesk Robot Structural Analysis 2016 for calculation and dig into the results returned from the analysis. \r\nThe package is the third public Alpha version. Please sign in the Autodesk labs project to get more information, provide your feedback and report any issues (https://beta.autodesk.com/callout/?callid=70F56BD3926A4A459FC552121CE042E3)","group":"","keywords":["analyze","structural","analysis","rsa","robot","simulation","react","structures"],"dependencies":[],"contents":"","engine_version":"0.9.1.3067","engine":"dynamo","engine_metadata":"","site_url":"","repository_url":"","contains_binaries":true,"node_libraries":["DynamoSimulationRSA, Version=0.2.2.22906, Culture=neutral, PublicKeyToken=null","DynamoSimulationRSAUI, Version=0.2.2.22906, Culture=neutral, PublicKeyToken=null"]}